Image,Description,Group,LargeTile,Sort Order,backText
images\514B1F3D-D8FD-4B0C-8168-3B1F799A8DD6.jpg,,Studio,,,
images\6360F253-9182-4337-8A08-532D4AFBB234.jpg,,Studio,,,
images\79041C14-7DB6-47C0-B187-ADA577F8100A.jpg,,Drawings,,,
images\89842629-74D9-42D5-856A-2B8594E6B7AB.jpg,,Studio,,,
images\BAC2B1A2-2A6D-4041-A0B5-21759164BD22.jpg,,Studio,,,
images\DSC01834.JPG,,,,,
images\E492AF89-44DA-4745-AC9E-80820041AAA6.jpg,,Studio,,,
images\IMG_0531.JPG,,Studio,,,
images\IMG_1619.JPG,,Maison Du Fort,,,
images\IMG_1670.JPG,Maison Du Fort,Maison Du Fort,,2,
images\IMG_1718.JPG,,Maison Du Fort,,,
images\IMG_1719.JPG,,Maison Du Fort,,,
images\IMG_1725.JPG,,Maison Du Fort,,,
images\IMG_1798.JPG,,Maison Du Fort,,,
images\IMG_1830.JPG,,Maison Du Fort,,,
images\IMG_1886.JPG,,Maison Du Fort,,,
images\IMG_1888.JPG,,Maison Du Fort,,,
images\IMG_1893.JPG,,Maison Du Fort,,,
images\IMG_2857.jpg,,,,,
images\IMG_2860.jpg,,,,,
images\IMG_2868.jpg,,,,,
images\IMG_3558.JPG,,Studio,,,
images\IMG_3560.JPG,,Studio,,,
images\IMG_3686.JPG,,Studio,,,
images\IMG_4404.jpg,,Studio,,,
images\IMG_4405.jpg,,Drawings,,,
images\IMG_4406.jpg,,Studio,,,
images\IMG_4557.jpg,,Studio,,,
images\IMG_4682.JPG,,Studio,,,
images\IMG_4683.JPG,,,,,
images\IMG_4785.JPG,,Studio,,,
images\IMG_4799.jpg,,Studio,,,
images\IMG_5008.JPG,,Studio,,,
images\IMG_5089.jpg,Degree Show,Degree Show,,1,
images\IMG_5198.jpg,,Studio,,,
images\IMG_5354.jpg,,Studio,,,
images\IMG_5357.jpg,Drawings,Drawings,1,3,
images\IMG_5361.jpg,,Drawings,,,
images\IMG_5399.jpg,,Drawings,,,
images\IMG_5428.jpg,,Drawings,,,
images\IMG_5430.jpg,,Drawings,,,
images\IMG_5440.JPG,,Studio,,,
images\IMG_5828.JPG,,Studio,,,
images\IMG_5845.JPG,,Textiles,,,
images\IMG_5893.JPG,,,,,
images\IMG_5894-EDIT.jpg,,,,,
images\IMG_5894.JPG,,,,,
images\IMG_5896.JPG,,,,,
images\IMG_5897.JPG,,,,,
images\IMG_5901.JPG,,,,,
images\IMG_5914.JPG,,Textiles,,,
images\IMG_5917.JPG,,Textiles,,,
images\IMG_5918.JPG,,,,,
images\IMG_5919.JPG,,Studio,,,
images\IMG_5920.JPG,,Studio,,,
images\IMG_5926.JPG,,Studio,,,
images\IMG_5927.JPG,,Studio,,,
images\IMG_5928.JPG,,Studio,,,
images\IMG_5929.JPG,,Studio,,,
images\IMG_5932.JPG,,Textiles,,,
images\IMG_5933.JPG,,Textiles,,,
images\IMG_5934.JPG,,Textiles,,,
images\IMG_6239.jpg,,Drawings,,,
images\IMG_6526.JPG,,,,,
images\IMG_6543.jpg,,Drawings,,,
images\IMG_6545.jpg,,Photography,,,
images\IMG_6546.jpg,,Photography,,,
images\IMG_6560.jpg,,Degree Show,,,
images\IMG_6564.jpg,,Degree Show,,,
images\IMG_6566.jpg,,Studio,,,
images\IMG_6570.jpg,,Studio,,,
images\IMG_6578.jpg,,Studio,,,
images\IMG_6585.jpg,,Studio,,,
images\IMG_6586.jpg,,Studio,,,
images\IMG_6587.jpg,,Studio,,,
images\IMG_6595.JPG,,,,,
images\IMG_6611.jpg,,,,,
images\IMG_6614.jpg,,Drawings,,,
images\IMG_6615.jpg,,Drawings,,,
images\IMG_6616.jpg,,Studio,,,
images\IMG_6625.jpg,,Studio,,,
images\IMG_6689.jpg,,Drawings,,,
images\IMG_6710.JPG,,,,,
images\IMG_6784.JPG,,,,,
images\IMG_6789.JPG,,,,,
images\IMG_6791.JPG,,,,,
images\IMG_6792.JPG,,,,,
images\IMG_6831.JPG,,,,,
images\IMG_6832.JPG,,,,,
images\IMG_6965.JPG,,,,,
images\IMG_7082.JPG,,,,,
images\IMG_7083.JPG,,,,,
images\IMG_7085.JPG,,,,,
images\IMG_7106.JPG,,,,,
images\IMG_7115.jpg,,Studio,,,
images\IMG_7241.jpg,Photography,Photography,1,4,
images\IMG_7290.jpg,,Studio,,,
images\IMG_7402.jpg,,Studio,,,
images\IMG_7404.jpg,,Studio,,,
images\IMG_7538.jpg,,Studio,,,
images\IMG_7549.jpg,,Studio,,,
images\IMG_7551.jpg,,Studio,,,
images\IMG_7733.jpg,,Studio,,,
images\IMG_7734.jpg,,Studio,,,
images\IMG_7810.jpg,,Studio,,,
images\IMG_7819.jpg,,,,1,
images\IMG_7834.jpg,,Studio,,,
images\IMG_7840.jpg,,Studio,,,
images\IMG_7841.jpg,,Studio,,,
images\IMG_7886.jpg,,Studio,,,
images\IMG_8109.jpg,,Studio,,,
images\IMG_8233.jpg,,Studio,,,
images\IMG_8282.jpg,,Studio,,,
images\IMG_8330.jpg,Studio,Studio,1,5,
images\IMG_8353.jpg,,Studio,,,
images\IMG_8392.jpg,,Studio,,,
images\IMG_8573.jpg,,Studio,,,
images\IMG_8583.jpg,,Studio,,,
images\IMG_8834.jpg,,Drawings,,,
images\IMG_8835.jpg,,Drawings,,,
images\IMG_8836.jpg,,Drawings,,,
images\IMG_8837.jpg,,Drawings,,,
images\IMG_8838.jpg,,Drawings,,,
images\IMG_8898.jpg,,Studio,,,
images\IMG_8905.jpg,,Degree Show,,,
images\IMG_8909.jpg,,Degree Show,,,
images\IMG_8910.jpg,,Degree Show,,,
images\IMG_8911.jpg,,Degree Show,,,
images\IMG_8977.JPG,,Degree Show,,,
images\IMG_9189.JPG,,Degree Show,,,
images\IMG_9427.JPG,,,,,
images\IMG_9729.JPG,,Degree Show,,,
images\IMG_9930.JPG,,Degree Show,,,
images\IMG_9931.JPG,,Degree Show,,,
images\IMG_9932.JPG,,Degree Show,,,
images\IMG_9944.JPG,,Degree Show,,,
images\Lily-02.jpeg,,,,,
images\Lily-04.jpeg,,,,,
images\Lily-18.jpeg,,,,,
images\Screenshot 2025-02-21 at 13.37.15.png,,,,,
